{"cameraMode":{"drawMode":0,"name":"Shaded","section":"Shading Mode"},"sceneLighting":false,"audioPlay":false,"sceneViewState":{"m_AlwaysRefresh":true,"showFog":false,"showSkybox":false,"showFlares":true,"showImageEffects":true,"showParticleSystems":true,"showVisualEffectGraphs":true,"m_FxEnabled":true},"in2DMode":false,"pivot":{"x":2.6700000762939455,"y":11.992199897766114,"z":-11.263999938964844},"rotation":{"x":-0.25285807251930239,"y":0.5456806421279907,"z":-0.17807979881763459,"w":-0.7801010012626648},"size":0.029630020260810853,"orthographic":false}